{
   "0": {
      "name": "indian / regional indian / punjabi / punjabi pop",
      "genre_parent_id": 1262,
      "name_extended": "indian / regional indian / punjabi / punjabi pop",
      "vanity": "indian-regional-indian-punjabi-punjabi-pop"
   },
   "2": {
      "name": "Blues",
      "genre_parent_id": 34,
      "name_extended": "Blues",
      "vanity": "Blues"
   },
   "3": {
      "name": "Comedy",
      "genre_parent_id": 34,
      "name_extended": "Comedy",
      "vanity": "Comedy"
   },
   "4": {
      "name": "Children's Music",
      "genre_parent_id": 34,
      "name_extended": "Children's Music",
      "vanity": "Children's-Music"
   },
   "5": {
      "name": "Classical",
      "genre_parent_id": 34,
      "name_extended": "Classical",
      "vanity": "Classical"
   },
   "6": {
      "name": "Country",
      "genre_parent_id": 34,
      "name_extended": "Country",
      "vanity": "Country"
   },
   "7": {
      "name": "Electronic",
      "genre_parent_id": 34,
      "name_extended": "Electronic",
      "vanity": "Electronic"
   },
   "8": {
      "name": "Holiday",
      "genre_parent_id": 34,
      "name_extended": "Holiday",
      "vanity": "Holiday"
   },
   "9": {
      "name": "Opera",
      "genre_parent_id": 34,
      "name_extended": "Opera",
      "vanity": "Opera"
   },
   "10": {
      "name": "Singer/Songwriter",
      "genre_parent_id": 34,
      "name_extended": "Singer/Songwriter",
      "vanity": "Singer-Songwriter"
   },
   "11": {
      "name": "Jazz",
      "genre_parent_id": 34,
      "name_extended": "Jazz",
      "vanity": "Jazz"
   },
   "12": {
      "name": "Latin",
      "genre_parent_id": 34,
      "name_extended": "Latin",
      "vanity": "Latin"
   },
   "13": {
      "name": "New Age",
      "genre_parent_id": 34,
      "name_extended": "New Age",
      "vanity": "New-Age"
   },
   "14": {
      "name": "Pop",
      "genre_parent_id": 34,
      "name_extended": "Pop",
      "vanity": "Pop"
   },
   "15": {
      "name": "R&B/Soul",
      "genre_parent_id": 34,
      "name_extended": "R&B/Soul",
      "vanity": "R-B-Soul"
   },
   "16": {
      "name": "Soundtrack",
      "genre_parent_id": 34,
      "name_extended": "Soundtrack",
      "vanity": "Soundtrack"
   },
   "17": {
      "name": "Dance",
      "genre_parent_id": 34,
      "name_extended": "Dance",
      "vanity": "Dance"
   },
   "18": {
      "name": "Hip Hop/Rap",
      "genre_parent_id": 34,
      "name_extended": "Hip-Hop/Rap",
      "vanity": "Hip-Hop-Rap"
   },
   "19": {
      "name": "World",
      "genre_parent_id": 34,
      "name_extended": "World",
      "vanity": "World"
   },
   "20": {
      "name": "Alternative",
      "genre_parent_id": 34,
      "name_extended": "Alternative",
      "vanity": "Alternative"
   },
   "21": {
      "name": "Rock",
      "genre_parent_id": 34,
      "name_extended": "Rock",
      "vanity": "Rock"
   },
   "22": {
      "name": "Christian & Gospel",
      "genre_parent_id": 34,
      "name_extended": "Christian & Gospel",
      "vanity": "Christian-Gospel"
   },
   "23": {
      "name": "Vocal",
      "genre_parent_id": 34,
      "name_extended": "Vocal",
      "vanity": "Vocal"
   },
   "24": {
      "name": "Reggae",
      "genre_parent_id": 34,
      "name_extended": "Reggae",
      "vanity": "Reggae"
   },
   "25": {
      "name": "Easy Listening",
      "genre_parent_id": 34,
      "name_extended": "Easy Listening",
      "vanity": "Easy-Listening"
   },
   "27": {
      "name": "J-Pop",
      "genre_parent_id": 34,
      "name_extended": "J-Pop",
      "vanity": "J-Pop"
   },
   "28": {
      "name": "Enka",
      "genre_parent_id": 34,
      "name_extended": "Enka",
      "vanity": "Enka"
   },
   "29": {
      "name": "Anime",
      "genre_parent_id": 34,
      "name_extended": "Anime",
      "vanity": "Anime"
   },
   "30": {
      "name": "Kayokyoku",
      "genre_parent_id": 34,
      "name_extended": "Kayokyoku",
      "vanity": "Kayokyoku"
   },
   "34": {
      "name": "Music",
      "genre_parent_id": 0,
      "name_extended": "Music",
      "vanity": "Music"
   },
   "50": {
      "name": "Fitness & Workout",
      "genre_parent_id": 34,
      "name_extended": "Fitness & Workout",
      "vanity": "Fitness-Workout"
   },
   "51": {
      "name": "K-Pop",
      "genre_parent_id": 34,
      "name_extended": "K-Pop",
      "vanity": "K-Pop"
   },
   "52": {
      "name": "Karaoke",
      "genre_parent_id": 34,
      "name_extended": "Karaoke",
      "vanity": "Karaoke"
   },
   "53": {
      "name": "Instrumental",
      "genre_parent_id": 34,
      "name_extended": "Instrumental",
      "vanity": "Instrumental"
   },
   "1001": {
      "name": "College Rock",
      "genre_parent_id": 20,
      "name_extended": "Alternative / College Rock",
      "vanity": "Alternative-College-Rock"
   },
   "1002": {
      "name": "Goth Rock",
      "genre_parent_id": 20,
      "name_extended": "Alternative / Goth Rock",
      "vanity": "Alternative-Goth-Rock"
   },
   "1003": {
      "name": "Grunge",
      "genre_parent_id": 20,
      "name_extended": "Alternative / Grunge",
      "vanity": "Alternative-Grunge"
   },
   "1004": {
      "name": "Indie Rock",
      "genre_parent_id": 20,
      "name_extended": "Alternative / Indie Rock",
      "vanity": "Alternative-Indie-Rock"
   },
   "1005": {
      "name": "New Wave",
      "genre_parent_id": 20,
      "name_extended": "Alternative / New Wave",
      "vanity": "Alternative-New-Wave"
   },
   "1006": {
      "name": "Punk",
      "genre_parent_id": 20,
      "name_extended": "Alternative / Punk",
      "vanity": "Alternative-Punk"
   },
   "1007": {
      "name": "Chicago Blues",
      "genre_parent_id": 2,
      "name_extended": "Blues / Chicago Blues",
      "vanity": "Blues-Chicago-Blues"
   },
   "1009": {
      "name": "Classic Blues",
      "genre_parent_id": 2,
      "name_extended": "Blues / Classic Blues",
      "vanity": "Blues-Classic-Blues"
   },
   "1010": {
      "name": "Contemporary Blues",
      "genre_parent_id": 2,
      "name_extended": "Blues / Contemporary Blues",
      "vanity": "Blues-Contemporary-Blues"
   },
   "1011": {
      "name": "Country Blues",
      "genre_parent_id": 2,
      "name_extended": "Blues / Country Blues",
      "vanity": "Blues-Country-Blues"
   },
   "1012": {
      "name": "Delta Blues",
      "genre_parent_id": 2,
      "name_extended": "Blues / Delta Blues",
      "vanity": "Blues-Delta-Blues"
   },
   "1013": {
      "name": "Electric Blues",
      "genre_parent_id": 2,
      "name_extended": "Blues / Electric Blues",
      "vanity": "Blues-Electric-Blues"
   },
   "1014": {
      "name": "Lullabies",
      "genre_parent_id": 4,
      "name_extended": "Children's Music / Lullabies",
      "vanity": "Children's-Music-Lullabies"
   },
   "1015": {
      "name": "Sing-Along",
      "genre_parent_id": 4,
      "name_extended": "Children's Music / Sing-Along",
      "vanity": "Children's-Music-Sing-Along"
   },
   "1016": {
      "name": "Stories",
      "genre_parent_id": 4,
      "name_extended": "Children's Music / Stories",
      "vanity": "Children's-Music-Stories"
   },
   "1017": {
      "name": "Avant-Garde",
      "genre_parent_id": 5,
      "name_extended": "Classical / Avant-Garde",
      "vanity": "Classical-Avant-Garde"
   },
   "1018": {
      "name": "Baroque Era",
      "genre_parent_id": 5,
      "name_extended": "Classical / Baroque Era",
      "vanity": "Classical-Baroque-Era"
   },
   "1019": {
      "name": "Chamber Music",
      "genre_parent_id": 5,
      "name_extended": "Classical / Chamber Music",
      "vanity": "Classical-Chamber-Music"
   },
   "1020": {
      "name": "Chant",
      "genre_parent_id": 5,
      "name_extended": "Classical / Chant",
      "vanity": "Classical-Chant"
   },
   "1021": {
      "name": "Choral",
      "genre_parent_id": 5,
      "name_extended": "Classical / Choral",
      "vanity": "Classical-Choral"
   },
   "1022": {
      "name": "Classical Crossover",
      "genre_parent_id": 5,
      "name_extended": "Classical / Classical Crossover",
      "vanity": "Classical-Classical-Crossover"
   },
   "1023": {
      "name": "Early Music",
      "genre_parent_id": 5,
      "name_extended": "Classical / Early Music",
      "vanity": "Classical-Early-Music"
   },
   "1024": {
      "name": "Impressionist",
      "genre_parent_id": 5,
      "name_extended": "Classical / Impressionist",
      "vanity": "Classical-Impressionist"
   },
   "1025": {
      "name": "Medieval Era",
      "genre_parent_id": 5,
      "name_extended": "Classical / Medieval Era",
      "vanity": "Classical-Medieval-Era"
   },
   "1026": {
      "name": "Minimalism",
      "genre_parent_id": 5,
      "name_extended": "Classical / Minimalism",
      "vanity": "Classical-Minimalism"
   },
   "1027": {
      "name": "Modern Era",
      "genre_parent_id": 5,
      "name_extended": "Classical / Modern Era",
      "vanity": "Classical-Modern-Era"
   },
   "1028": {
      "name": "Opera",
      "genre_parent_id": 5,
      "name_extended": "Classical / Opera",
      "vanity": "Classical-Opera"
   },
   "1029": {
      "name": "Orchestral",
      "genre_parent_id": 5,
      "name_extended": "Classical / Orchestral",
      "vanity": "Classical-Orchestral"
   },
   "1030": {
      "name": "Renaissance",
      "genre_parent_id": 5,
      "name_extended": "Classical / Renaissance",
      "vanity": "Classical-Renaissance"
   },
   "1031": {
      "name": "Romantic Era",
      "genre_parent_id": 5,
      "name_extended": "Classical / Romantic Era",
      "vanity": "Classical-Romantic-Era"
   },
   "1032": {
      "name": "Wedding Music",
      "genre_parent_id": 5,
      "name_extended": "Classical / Wedding Music",
      "vanity": "Classical-Wedding-Music"
   },
   "1033": {
      "name": "Alternative Country",
      "genre_parent_id": 6,
      "name_extended": "Country / Alternative Country",
      "vanity": "Country-Alternative-Country"
   },
   "1034": {
      "name": "Americana",
      "genre_parent_id": 6,
      "name_extended": "Country / Americana",
      "vanity": "Country-Americana"
   },
   "1035": {
      "name": "Bluegrass",
      "genre_parent_id": 6,
      "name_extended": "Country / Bluegrass",
      "vanity": "Country-Bluegrass"
   },
   "1036": {
      "name": "Contemporary Bluegrass",
      "genre_parent_id": 6,
      "name_extended": "Country / Contemporary Bluegrass",
      "vanity": "Country-Contemporary-Bluegrass"
   },
   "1037": {
      "name": "Contemporary Country",
      "genre_parent_id": 6,
      "name_extended": "Country / Contemporary Country",
      "vanity": "Country-Contemporary-Country"
   },
   "1038": {
      "name": "Country Gospel",
      "genre_parent_id": 6,
      "name_extended": "Country / Country Gospel",
      "vanity": "Country-Country-Gospel"
   },
   "1039": {
      "name": "Honky Tonk",
      "genre_parent_id": 6,
      "name_extended": "Country / Honky Tonk",
      "vanity": "Country-Honky-Tonk"
   },
   "1040": {
      "name": "Outlaw Country",
      "genre_parent_id": 6,
      "name_extended": "Country / Outlaw Country",
      "vanity": "Country-Outlaw-Country"
   },
   "1041": {
      "name": "Traditional Bluegrass",
      "genre_parent_id": 6,
      "name_extended": "Country / Traditional Bluegrass",
      "vanity": "Country-Traditional-Bluegrass"
   },
   "1042": {
      "name": "Traditional Country",
      "genre_parent_id": 6,
      "name_extended": "Country / Traditional Country",
      "vanity": "Country-Traditional-Country"
   },
   "1043": {
      "name": "Urban Cowboy",
      "genre_parent_id": 6,
      "name_extended": "Country / Urban Cowboy",
      "vanity": "Country-Urban-Cowboy"
   },
   "1044": {
      "name": "Breakbeat",
      "genre_parent_id": 17,
      "name_extended": "Dance / Breakbeat",
      "vanity": "Dance-Breakbeat"
   },
   "1045": {
      "name": "Exercise",
      "genre_parent_id": 17,
      "name_extended": "Dance / Exercise",
      "vanity": "Dance-Exercise"
   },
   "1046": {
      "name": "Garage",
      "genre_parent_id": 17,
      "name_extended": "Dance / Garage",
      "vanity": "Dance-Garage"
   },
   "1047": {
      "name": "Hardcore",
      "genre_parent_id": 17,
      "name_extended": "Dance / Hardcore",
      "vanity": "Dance-Hardcore"
   },
   "1048": {
      "name": "House",
      "genre_parent_id": 17,
      "name_extended": "Dance / House",
      "vanity": "Dance-House"
   },
   "1049": {
      "name": "Jungle/Drum'n'bass",
      "genre_parent_id": 17,
      "name_extended": "Dance / Jungle/Drum'n'bass",
      "vanity": "Dance-Jungle-Drum'n'bass"
   },
   "1050": {
      "name": "Techno",
      "genre_parent_id": 17,
      "name_extended": "Dance / Techno",
      "vanity": "Dance-Techno"
   },
   "1051": {
      "name": "Trance",
      "genre_parent_id": 17,
      "name_extended": "Dance / Trance",
      "vanity": "Dance-Trance"
   },
   "1052": {
      "name": "Big Band",
      "genre_parent_id": 11,
      "name_extended": "Jazz / Big Band",
      "vanity": "Jazz-Big-Band"
   },
   "1053": {
      "name": "Bebop",
      "genre_parent_id": 11,
      "name_extended": "Jazz / Bebop",
      "vanity": "Jazz-Bebop"
   },
   "1054": {
      "name": "Lounge",
      "genre_parent_id": 25,
      "name_extended": "Easy Listening / Lounge",
      "vanity": "Easy-Listening-Lounge"
   },
   "1055": {
      "name": "Swing",
      "genre_parent_id": 25,
      "name_extended": "Easy Listening / Swing",
      "vanity": "Easy-Listening-Swing"
   },
   "1056": {
      "name": "Ambient",
      "genre_parent_id": 7,
      "name_extended": "Electronic / Ambient",
      "vanity": "Electronic-Ambient"
   },
   "1057": {
      "name": "Downtempo",
      "genre_parent_id": 7,
      "name_extended": "Electronic / Downtempo",
      "vanity": "Electronic-Downtempo"
   },
   "1058": {
      "name": "Electronica",
      "genre_parent_id": 7,
      "name_extended": "Electronic / Electronica",
      "vanity": "Electronic-Electronica"
   },
   "1060": {
      "name": "IDM/Experimental",
      "genre_parent_id": 7,
      "name_extended": "Electronic / IDM/Experimental",
      "vanity": "Electronic-IDM-Experimental"
   },
   "1061": {
      "name": "Industrial",
      "genre_parent_id": 7,
      "name_extended": "Electronic / Industrial",
      "vanity": "Electronic-Industrial"
   },
   "1062": {
      "name": "Alternative Folk",
      "genre_parent_id": 10,
      "name_extended": "Singer/Songwriter / Alternative Folk",
      "vanity": "Singer-Songwriter-Alternative-Folk"
   },
   "1063": {
      "name": "Contemporary Folk",
      "genre_parent_id": 10,
      "name_extended": "Singer/Songwriter / Contemporary Folk",
      "vanity": "Singer-Songwriter-Contemporary-Folk"
   },
   "1064": {
      "name": "Contemporary Singer/Songwriter",
      "genre_parent_id": 10,
      "name_extended": "Singer/Songwriter / Contemporary Singer/Songwriter",
      "vanity": "Singer-Songwriter-Contemporary-Singer-Songwriter"
   },
   "1065": {
      "name": "Folk-Rock",
      "genre_parent_id": 10,
      "name_extended": "Singer/Songwriter / Folk-Rock",
      "vanity": "Singer-Songwriter-Folk-Rock"
   },
   "1066": {
      "name": "New Acoustic",
      "genre_parent_id": 10,
      "name_extended": "Singer/Songwriter / New Acoustic",
      "vanity": "Singer-Songwriter-New-Acoustic"
   },
   "1067": {
      "name": "Traditional Folk",
      "genre_parent_id": 10,
      "name_extended": "Singer/Songwriter / Traditional Folk",
      "vanity": "Singer-Songwriter-Traditional-Folk"
   },
   "1068": {
      "name": "Alternative Rap",
      "genre_parent_id": 18,
      "name_extended": "Hip Hop/Rap / Alternative Rap",
      "vanity": "Hip-Hop-Rap-Alternative-Rap"
   },
   "1069": {
      "name": "Dirty South",
      "genre_parent_id": 18,
      "name_extended": "Hip Hop/Rap / Dirty South",
      "vanity": "Hip-Hop-Rap-Dirty-South"
   },
   "1070": {
      "name": "East Coast Rap",
      "genre_parent_id": 18,
      "name_extended": "Hip Hop/Rap / East Coast Rap",
      "vanity": "Hip-Hop-Rap-East-Coast-Rap"
   },
   "1071": {
      "name": "Gangsta Rap",
      "genre_parent_id": 18,
      "name_extended": "Hip Hop/Rap / Gangsta Rap",
      "vanity": "Hip-Hop-Rap-Gangsta-Rap"
   },
   "1072": {
      "name": "Hardcore Rap",
      "genre_parent_id": 18,
      "name_extended": "Hip Hop/Rap / Hardcore Rap",
      "vanity": "Hip-Hop-Rap-Hardcore-Rap"
   },
   "1073": {
      "name": "Hip-Hop",
      "genre_parent_id": 18,
      "name_extended": "Hip Hop/Rap / Hip-Hop",
      "vanity": "Hip-Hop-Rap-Hip-Hop"
   },
   "1074": {
      "name": "Latin Rap",
      "genre_parent_id": 18,
      "name_extended": "Hip Hop/Rap / Latin Rap",
      "vanity": "Hip-Hop-Rap-Latin-Rap"
   },
   "1075": {
      "name": "Old School Rap",
      "genre_parent_id": 18,
      "name_extended": "Hip Hop/Rap / Old School Rap",
      "vanity": "Hip-Hop-Rap-Old-School-Rap"
   },
   "1076": {
      "name": "Rap",
      "genre_parent_id": 18,
      "name_extended": "Hip Hop/Rap / Rap",
      "vanity": "Hip-Hop-Rap-Rap"
   },
   "1077": {
      "name": "Underground Rap",
      "genre_parent_id": 18,
      "name_extended": "Hip Hop/Rap / Underground Rap",
      "vanity": "Hip-Hop-Rap-Underground-Rap"
   },
   "1078": {
      "name": "West Coast Rap",
      "genre_parent_id": 18,
      "name_extended": "Hip Hop/Rap / West Coast Rap",
      "vanity": "Hip-Hop-Rap-West-Coast-Rap"
   },
   "1079": {
      "name": "Chanukah",
      "genre_parent_id": 8,
      "name_extended": "Holiday / Chanukah",
      "vanity": "Holiday-Chanukah"
   },
   "1080": {
      "name": "Christmas",
      "genre_parent_id": 8,
      "name_extended": "Holiday / Christmas",
      "vanity": "Holiday-Christmas"
   },
   "1081": {
      "name": "Christmas: Children's",
      "genre_parent_id": 8,
      "name_extended": "Holiday / Christmas: Children's",
      "vanity": "Holiday-Christmas:-Children's"
   },
   "1082": {
      "name": "Christmas: Classic",
      "genre_parent_id": 8,
      "name_extended": "Holiday / Christmas: Classic",
      "vanity": "Holiday-Christmas:-Classic"
   },
   "1083": {
      "name": "Christmas: Classical",
      "genre_parent_id": 8,
      "name_extended": "Holiday / Christmas: Classical",
      "vanity": "Holiday-Christmas:-Classical"
   },
   "1084": {
      "name": "Christmas: Jazz",
      "genre_parent_id": 8,
      "name_extended": "Holiday / Christmas: Jazz",
      "vanity": "Holiday-Christmas:-Jazz"
   },
   "1085": {
      "name": "Christmas: Modern",
      "genre_parent_id": 8,
      "name_extended": "Holiday / Christmas: Modern",
      "vanity": "Holiday-Christmas:-Modern"
   },
   "1086": {
      "name": "Christmas: Pop",
      "genre_parent_id": 8,
      "name_extended": "Holiday / Christmas: Pop",
      "vanity": "Holiday-Christmas:-Pop"
   },
   "1087": {
      "name": "Christmas: R&B",
      "genre_parent_id": 8,
      "name_extended": "Holiday / Christmas: R&B",
      "vanity": "Holiday-Christmas:-R-B"
   },
   "1088": {
      "name": "Christmas: Religious",
      "genre_parent_id": 8,
      "name_extended": "Holiday / Christmas: Religious",
      "vanity": "Holiday-Christmas:-Religious"
   },
   "1089": {
      "name": "Christmas: Rock",
      "genre_parent_id": 8,
      "name_extended": "Holiday / Christmas: Rock",
      "vanity": "Holiday-Christmas:-Rock"
   },
   "1090": {
      "name": "Easter",
      "genre_parent_id": 8,
      "name_extended": "Holiday / Easter",
      "vanity": "Holiday-Easter"
   },
   "1091": {
      "name": "Halloween",
      "genre_parent_id": 8,
      "name_extended": "Holiday / Halloween",
      "vanity": "Holiday-Halloween"
   },
   "1092": {
      "name": "Holiday: Other",
      "genre_parent_id": 8,
      "name_extended": "Holiday / Holiday: Other",
      "vanity": "Holiday-Holiday:-Other"
   },
   "1093": {
      "name": "Thanksgiving",
      "genre_parent_id": 8,
      "name_extended": "Holiday / Thanksgiving",
      "vanity": "Holiday-Thanksgiving"
   },
   "1094": {
      "name": "CCM",
      "genre_parent_id": 22,
      "name_extended": "Christian & Gospel / CCM",
      "vanity": "Christian-Gospel-CCM"
   },
   "1095": {
      "name": "Christian Metal",
      "genre_parent_id": 22,
      "name_extended": "Christian & Gospel / Christian Metal",
      "vanity": "Christian-Gospel-Christian-Metal"
   },
   "1096": {
      "name": "Christian Pop",
      "genre_parent_id": 22,
      "name_extended": "Christian & Gospel / Christian Pop",
      "vanity": "Christian-Gospel-Christian-Pop"
   },
   "1097": {
      "name": "Christian Rap",
      "genre_parent_id": 22,
      "name_extended": "Christian & Gospel / Christian Rap",
      "vanity": "Christian-Gospel-Christian-Rap"
   },
   "1098": {
      "name": "Christian Rock",
      "genre_parent_id": 22,
      "name_extended": "Christian & Gospel / Christian Rock",
      "vanity": "Christian-Gospel-Christian-Rock"
   },
   "1099": {
      "name": "Classic Christian",
      "genre_parent_id": 22,
      "name_extended": "Christian & Gospel / Classic Christian",
      "vanity": "Christian-Gospel-Classic-Christian"
   },
   "1100": {
      "name": "Contemporary Gospel",
      "genre_parent_id": 22,
      "name_extended": "Christian & Gospel / Contemporary Gospel",
      "vanity": "Christian-Gospel-Contemporary-Gospel"
   },
   "1101": {
      "name": "Gospel",
      "genre_parent_id": 22,
      "name_extended": "Christian & Gospel / Gospel",
      "vanity": "Christian-Gospel-Gospel"
   },
   "1103": {
      "name": "Praise & Worship",
      "genre_parent_id": 22,
      "name_extended": "Christian & Gospel / Praise & Worship",
      "vanity": "Christian-Gospel-Praise-Worship"
   },
   "1104": {
      "name": "Southern Gospel",
      "genre_parent_id": 22,
      "name_extended": "Christian & Gospel / Southern Gospel",
      "vanity": "Christian-Gospel-Southern-Gospel"
   },
   "1105": {
      "name": "Traditional Gospel",
      "genre_parent_id": 22,
      "name_extended": "Christian & Gospel / Traditional Gospel",
      "vanity": "Christian-Gospel-Traditional-Gospel"
   },
   "1106": {
      "name": "Avant-Garde Jazz",
      "genre_parent_id": 11,
      "name_extended": "Jazz / Avant-Garde Jazz",
      "vanity": "Jazz-Avant-Garde-Jazz"
   },
   "1107": {
      "name": "Contemporary Jazz",
      "genre_parent_id": 11,
      "name_extended": "Jazz / Contemporary Jazz",
      "vanity": "Jazz-Contemporary-Jazz"
   },
   "1108": {
      "name": "Crossover Jazz",
      "genre_parent_id": 11,
      "name_extended": "Jazz / Crossover Jazz",
      "vanity": "Jazz-Crossover-Jazz"
   },
   "1109": {
      "name": "Dixieland",
      "genre_parent_id": 11,
      "name_extended": "Jazz / Dixieland",
      "vanity": "Jazz-Dixieland"
   },
   "1110": {
      "name": "Fusion",
      "genre_parent_id": 11,
      "name_extended": "Jazz / Fusion",
      "vanity": "Jazz-Fusion"
   },
   "1111": {
      "name": "Latin Jazz",
      "genre_parent_id": 11,
      "name_extended": "Jazz / Latin Jazz",
      "vanity": "Jazz-Latin-Jazz"
   },
   "1112": {
      "name": "Mainstream Jazz",
      "genre_parent_id": 11,
      "name_extended": "Jazz / Mainstream Jazz",
      "vanity": "Jazz-Mainstream-Jazz"
   },
   "1113": {
      "name": "Ragtime",
      "genre_parent_id": 11,
      "name_extended": "Jazz / Ragtime",
      "vanity": "Jazz-Ragtime"
   },
   "1114": {
      "name": "Smooth Jazz",
      "genre_parent_id": 11,
      "name_extended": "Jazz / Smooth Jazz",
      "vanity": "Jazz-Smooth-Jazz"
   },
   "1115": {
      "name": "Latin Jazz",
      "genre_parent_id": 12,
      "name_extended": "Latin / Latin Jazz",
      "vanity": "Latin-Latin-Jazz"
   },
   "1116": {
      "name": "Contemporary Latin",
      "genre_parent_id": 12,
      "name_extended": "Latin / Contemporary Latin",
      "vanity": "Latin-Contemporary-Latin"
   },
   "1117": {
      "name": "Pop in Spanish",
      "genre_parent_id": 12,
      "name_extended": "Latin / Pop in Spanish",
      "vanity": "Latin-Pop-in-Spanish"
   },
   "1118": {
      "name": "Raices",
      "genre_parent_id": 12,
      "name_extended": "Latin / Raices",
      "vanity": "Latin-Raices"
   },
   "1119": {
      "name": "Latin Urban",
      "genre_parent_id": 12,
      "name_extended": "Latin / Latin Urban",
      "vanity": "Latin-Latin-Urban"
   },
   "1120": {
      "name": "Baladas y Boleros",
      "genre_parent_id": 12,
      "name_extended": "Latin / Baladas y Boleros",
      "vanity": "Latin-Baladas-y-Boleros"
   },
   "1121": {
      "name": "Alternative & Rock in Spanish",
      "genre_parent_id": 12,
      "name_extended": "Latin / Alternative & Rock in Spanish",
      "vanity": "Latin-Alternative-Rock-in-Spanish"
   },
   "1122": {
      "name": "Brazilian",
      "genre_parent_id": 34,
      "name_extended": "Brazilian",
      "vanity": "Brazilian"
   },
   "1123": {
      "name": "Regional Mexicano",
      "genre_parent_id": 12,
      "name_extended": "Latin / Regional Mexicano",
      "vanity": "Latin-Regional-Mexicano"
   },
   "1124": {
      "name": "Salsa y Tropical",
      "genre_parent_id": 12,
      "name_extended": "Latin / Salsa y Tropical",
      "vanity": "Latin-Salsa-y-Tropical"
   },
   "1125": {
      "name": "Environmental",
      "genre_parent_id": 13,
      "name_extended": "New Age / Environmental",
      "vanity": "New-Age-Environmental"
   },
   "1126": {
      "name": "Healing",
      "genre_parent_id": 13,
      "name_extended": "New Age / Healing",
      "vanity": "New-Age-Healing"
   },
   "1127": {
      "name": "Meditation",
      "genre_parent_id": 13,
      "name_extended": "New Age / Meditation",
      "vanity": "New-Age-Meditation"
   },
   "1128": {
      "name": "Nature",
      "genre_parent_id": 13,
      "name_extended": "New Age / Nature",
      "vanity": "New-Age-Nature"
   },
   "1129": {
      "name": "Relaxation",
      "genre_parent_id": 13,
      "name_extended": "New Age / Relaxation",
      "vanity": "New-Age-Relaxation"
   },
   "1130": {
      "name": "Travel",
      "genre_parent_id": 13,
      "name_extended": "New Age / Travel",
      "vanity": "New-Age-Travel"
   },
   "1131": {
      "name": "Adult Contemporary",
      "genre_parent_id": 14,
      "name_extended": "Pop / Adult Contemporary",
      "vanity": "Pop-Adult-Contemporary"
   },
   "1132": {
      "name": "Britpop",
      "genre_parent_id": 14,
      "name_extended": "Pop / Britpop",
      "vanity": "Pop-Britpop"
   },
   "1133": {
      "name": "Pop/Rock",
      "genre_parent_id": 14,
      "name_extended": "Pop / Pop/Rock",
      "vanity": "Pop-Pop-Rock"
   },
   "1134": {
      "name": "Soft Rock",
      "genre_parent_id": 14,
      "name_extended": "Pop / Soft Rock",
      "vanity": "Pop-Soft-Rock"
   },
   "1135": {
      "name": "Teen Pop",
      "genre_parent_id": 14,
      "name_extended": "Pop / Teen Pop",
      "vanity": "Pop-Teen-Pop"
   },
   "1136": {
      "name": "Contemporary R&B",
      "genre_parent_id": 15,
      "name_extended": "R&B/Soul / Contemporary R&B",
      "vanity": "R-B-Soul-Contemporary-R-B"
   },
   "1137": {
      "name": "Disco",
      "genre_parent_id": 15,
      "name_extended": "R&B/Soul / Disco",
      "vanity": "R-B-Soul-Disco"
   },
   "1138": {
      "name": "Doo Wop",
      "genre_parent_id": 15,
      "name_extended": "R&B/Soul / Doo Wop",
      "vanity": "R-B-Soul-Doo-Wop"
   },
   "1139": {
      "name": "Funk",
      "genre_parent_id": 15,
      "name_extended": "R&B/Soul / Funk",
      "vanity": "R-B-Soul-Funk"
   },
   "1140": {
      "name": "Motown",
      "genre_parent_id": 15,
      "name_extended": "R&B/Soul / Motown",
      "vanity": "R-B-Soul-Motown"
   },
   "1141": {
      "name": "Neo-Soul",
      "genre_parent_id": 15,
      "name_extended": "R&B/Soul / Neo-Soul",
      "vanity": "R-B-Soul-Neo-Soul"
   },
   "1142": {
      "name": "Quiet Storm",
      "genre_parent_id": 15,
      "name_extended": "R&B/Soul / Quiet Storm",
      "vanity": "R-B-Soul-Quiet-Storm"
   },
   "1143": {
      "name": "Soul",
      "genre_parent_id": 15,
      "name_extended": "R&B/Soul / Soul",
      "vanity": "R-B-Soul-Soul"
   },
   "1144": {
      "name": "Adult Alternative",
      "genre_parent_id": 21,
      "name_extended": "Rock / Adult Alternative",
      "vanity": "Rock-Adult-Alternative"
   },
   "1145": {
      "name": "American Trad Rock",
      "genre_parent_id": 21,
      "name_extended": "Rock / American Trad Rock",
      "vanity": "Rock-American-Trad-Rock"
   },
   "1146": {
      "name": "Arena Rock",
      "genre_parent_id": 21,
      "name_extended": "Rock / Arena Rock",
      "vanity": "Rock-Arena-Rock"
   },
   "1147": {
      "name": "Blues-Rock",
      "genre_parent_id": 21,
      "name_extended": "Rock / Blues-Rock",
      "vanity": "Rock-Blues-Rock"
   },
   "1148": {
      "name": "British Invasion",
      "genre_parent_id": 21,
      "name_extended": "Rock / British Invasion",
      "vanity": "Rock-British-Invasion"
   },
   "1149": {
      "name": "Death Metal/Black Metal",
      "genre_parent_id": 21,
      "name_extended": "Rock / Death Metal/Black Metal",
      "vanity": "Rock-Death-Metal-Black-Metal"
   },
   "1150": {
      "name": "Glam Rock",
      "genre_parent_id": 21,
      "name_extended": "Rock / Glam Rock",
      "vanity": "Rock-Glam-Rock"
   },
   "1151": {
      "name": "Hair Metal",
      "genre_parent_id": 21,
      "name_extended": "Rock / Hair Metal",
      "vanity": "Rock-Hair-Metal"
   },
   "1152": {
      "name": "Hard Rock",
      "genre_parent_id": 21,
      "name_extended": "Rock / Hard Rock",
      "vanity": "Rock-Hard-Rock"
   },
   "1153": {
      "name": "Heavy Metal",
      "genre_parent_id": 21,
      "name_extended": "Rock / Heavy Metal",
      "vanity": "Rock-Heavy-Metal"
   },
   "1154": {
      "name": "Jam Bands",
      "genre_parent_id": 21,
      "name_extended": "Rock / Jam Bands",
      "vanity": "Rock-Jam-Bands"
   },
   "1155": {
      "name": "Prog-Rock/Art Rock",
      "genre_parent_id": 21,
      "name_extended": "Rock / Prog-Rock/Art Rock",
      "vanity": "Rock-Prog-Rock-Art-Rock"
   },
   "1156": {
      "name": "Psychedelic",
      "genre_parent_id": 21,
      "name_extended": "Rock / Psychedelic",
      "vanity": "Rock-Psychedelic"
   },
   "1157": {
      "name": "Rock & Roll",
      "genre_parent_id": 21,
      "name_extended": "Rock / Rock & Roll",
      "vanity": "Rock-Rock-Roll"
   },
   "1158": {
      "name": "Rockabilly",
      "genre_parent_id": 21,
      "name_extended": "Rock / Rockabilly",
      "vanity": "Rock-Rockabilly"
   },
   "1159": {
      "name": "Roots Rock",
      "genre_parent_id": 21,
      "name_extended": "Rock / Roots Rock",
      "vanity": "Rock-Roots-Rock"
   },
   "1160": {
      "name": "Singer/Songwriter",
      "genre_parent_id": 21,
      "name_extended": "Rock / Singer/Songwriter",
      "vanity": "Rock-Singer-Songwriter"
   },
   "1161": {
      "name": "Southern Rock",
      "genre_parent_id": 21,
      "name_extended": "Rock / Southern Rock",
      "vanity": "Rock-Southern-Rock"
   },
   "1162": {
      "name": "Surf",
      "genre_parent_id": 21,
      "name_extended": "Rock / Surf",
      "vanity": "Rock-Surf"
   },
   "1163": {
      "name": "Tex-Mex",
      "genre_parent_id": 21,
      "name_extended": "Rock / Tex-Mex",
      "vanity": "Rock-Tex-Mex"
   },
   "1165": {
      "name": "Foreign Cinema",
      "genre_parent_id": 16,
      "name_extended": "Soundtrack / Foreign Cinema",
      "vanity": "Soundtrack-Foreign-Cinema"
   },
   "1166": {
      "name": "Musicals",
      "genre_parent_id": 16,
      "name_extended": "Soundtrack / Musicals",
      "vanity": "Soundtrack-Musicals"
   },
   "1167": {
      "name": "Novelty",
      "genre_parent_id": 3,
      "name_extended": "Comedy / Novelty",
      "vanity": "Comedy-Novelty"
   },
   "1168": {
      "name": "Original Score",
      "genre_parent_id": 16,
      "name_extended": "Soundtrack / Original Score",
      "vanity": "Soundtrack-Original-Score"
   },
   "1169": {
      "name": "Soundtrack",
      "genre_parent_id": 16,
      "name_extended": "Soundtrack / Soundtrack",
      "vanity": "Soundtrack-Soundtrack"
   },
   "1171": {
      "name": "Standup Comedy",
      "genre_parent_id": 3,
      "name_extended": "Comedy / Standup Comedy",
      "vanity": "Comedy-Standup-Comedy"
   },
   "1172": {
      "name": "TV Soundtrack",
      "genre_parent_id": 16,
      "name_extended": "Soundtrack / TV Soundtrack",
      "vanity": "Soundtrack-TV-Soundtrack"
   },
   "1173": {
      "name": "Standards",
      "genre_parent_id": 23,
      "name_extended": "Vocal / Standards",
      "vanity": "Vocal-Standards"
   },
   "1174": {
      "name": "Traditional Pop",
      "genre_parent_id": 23,
      "name_extended": "Vocal / Traditional Pop",
      "vanity": "Vocal-Traditional-Pop"
   },
   "1175": {
      "name": "Vocal Jazz",
      "genre_parent_id": 11,
      "name_extended": "Jazz / Vocal Jazz",
      "vanity": "Jazz-Vocal-Jazz"
   },
   "1176": {
      "name": "Vocal Pop",
      "genre_parent_id": 23,
      "name_extended": "Vocal / Vocal Pop",
      "vanity": "Vocal-Vocal-Pop"
   },
   "1177": {
      "name": "Afro-Beat",
      "genre_parent_id": 19,
      "name_extended": "World / Afro-Beat",
      "vanity": "World-Afro-Beat"
   },
   "1178": {
      "name": "Afro-Pop",
      "genre_parent_id": 19,
      "name_extended": "World / Afro-Pop",
      "vanity": "World-Afro-Pop"
   },
   "1179": {
      "name": "Cajun",
      "genre_parent_id": 19,
      "name_extended": "World / Cajun",
      "vanity": "World-Cajun"
   },
   "1180": {
      "name": "Celtic",
      "genre_parent_id": 19,
      "name_extended": "World / Celtic",
      "vanity": "World-Celtic"
   },
   "1181": {
      "name": "Celtic Folk",
      "genre_parent_id": 19,
      "name_extended": "World / Celtic Folk",
      "vanity": "World-Celtic-Folk"
   },
   "1182": {
      "name": "Contemporary Celtic",
      "genre_parent_id": 19,
      "name_extended": "World / Contemporary Celtic",
      "vanity": "World-Contemporary-Celtic"
   },
   "1183": {
      "name": "Dancehall",
      "genre_parent_id": 24,
      "name_extended": "Reggae / Dancehall",
      "vanity": "Reggae-Dancehall"
   },
   "1184": {
      "name": "Drinking Songs",
      "genre_parent_id": 19,
      "name_extended": "World / Drinking Songs",
      "vanity": "World-Drinking-Songs"
   },
   "1185": {
      "name": "Indian Pop",
      "genre_parent_id": 1262,
      "name_extended": "Indian / Indian Pop",
      "vanity": "Indian-Indian-Pop"
   },
   "1186": {
      "name": "Japanese Pop",
      "genre_parent_id": 19,
      "name_extended": "World / Japanese Pop",
      "vanity": "World-Japanese-Pop"
   },
   "1187": {
      "name": "Klezmer",
      "genre_parent_id": 19,
      "name_extended": "World / Klezmer",
      "vanity": "World-Klezmer"
   },
   "1188": {
      "name": "Polka",
      "genre_parent_id": 19,
      "name_extended": "World / Polka",
      "vanity": "World-Polka"
   },
   "1189": {
      "name": "Traditional Celtic",
      "genre_parent_id": 19,
      "name_extended": "World / Traditional Celtic",
      "vanity": "World-Traditional-Celtic"
   },
   "1190": {
      "name": "Worldbeat",
      "genre_parent_id": 19,
      "name_extended": "World / Worldbeat",
      "vanity": "World-Worldbeat"
   },
   "1191": {
      "name": "Zydeco",
      "genre_parent_id": 19,
      "name_extended": "World / Zydeco",
      "vanity": "World-Zydeco"
   },
   "1192": {
      "name": "Roots Reggae",
      "genre_parent_id": 24,
      "name_extended": "Reggae / Roots Reggae",
      "vanity": "Reggae-Roots-Reggae"
   },
   "1193": {
      "name": "Dub",
      "genre_parent_id": 24,
      "name_extended": "Reggae / Dub",
      "vanity": "Reggae-Dub"
   },
   "1194": {
      "name": "Ska",
      "genre_parent_id": 24,
      "name_extended": "Reggae / Ska",
      "vanity": "Reggae-Ska"
   },
   "1195": {
      "name": "Caribbean",
      "genre_parent_id": 19,
      "name_extended": "World / Caribbean",
      "vanity": "World-Caribbean"
   },
   "1196": {
      "name": "South America",
      "genre_parent_id": 19,
      "name_extended": "World / South America",
      "vanity": "World-South-America"
   },
   "1197": {
      "name": "Arabic",
      "genre_parent_id": 34,
      "name_extended": "Arabic",
      "vanity": "Arabic"
   },
   "1198": {
      "name": "North America",
      "genre_parent_id": 19,
      "name_extended": "World / North America",
      "vanity": "World-North-America"
   },
   "1199": {
      "name": "Hawaii",
      "genre_parent_id": 19,
      "name_extended": "World / Hawaii",
      "vanity": "World-Hawaii"
   },
   "1200": {
      "name": "Australia",
      "genre_parent_id": 19,
      "name_extended": "World / Australia",
      "vanity": "World-Australia"
   },
   "1201": {
      "name": "Japan",
      "genre_parent_id": 19,
      "name_extended": "World / Japan",
      "vanity": "World-Japan"
   },
   "1202": {
      "name": "France",
      "genre_parent_id": 19,
      "name_extended": "World / France",
      "vanity": "World-France"
   },
   "1203": {
      "name": "Africa",
      "genre_parent_id": 19,
      "name_extended": "World / Africa",
      "vanity": "World-Africa"
   },
   "1204": {
      "name": "Asia",
      "genre_parent_id": 19,
      "name_extended": "World / Asia",
      "vanity": "World-Asia"
   },
   "1205": {
      "name": "Europe",
      "genre_parent_id": 19,
      "name_extended": "World / Europe",
      "vanity": "World-Europe"
   },
   "1206": {
      "name": "South Africa",
      "genre_parent_id": 19,
      "name_extended": "World / South Africa",
      "vanity": "World-South-Africa"
   },
   "1207": {
      "name": "Hard Bop",
      "genre_parent_id": 11,
      "name_extended": "Jazz / Hard Bop",
      "vanity": "Jazz-Hard-Bop"
   },
   "1208": {
      "name": "Trad Jazz",
      "genre_parent_id": 11,
      "name_extended": "Jazz / Trad Jazz",
      "vanity": "Jazz-Trad-Jazz"
   },
   "1209": {
      "name": "Cool",
      "genre_parent_id": 11,
      "name_extended": "Jazz / Cool Jazz",
      "vanity": "Jazz-Cool-Jazz"
   },
   "1210": {
      "name": "Acoustic Blues",
      "genre_parent_id": 2,
      "name_extended": "Blues / Acoustic Blues",
      "vanity": "Blues-Acoustic-Blues"
   },
   "1211": {
      "name": "Classical Era",
      "genre_parent_id": 5,
      "name_extended": "Classical / Classical Era",
      "vanity": "Classical-Classical-Era"
   },
   "1220": {
      "name": "Ax\u00e9",
      "genre_parent_id": 1122,
      "name_extended": "Brazilian / Ax\u00e9",
      "vanity": "Brazilian-Ax\u00e9"
   },
   "1221": {
      "name": "Bossa Nova",
      "genre_parent_id": 1122,
      "name_extended": "Brazilian / Bossa Nova",
      "vanity": "Brazilian-Bossa-Nova"
   },
   "1222": {
      "name": "Choro",
      "genre_parent_id": 1122,
      "name_extended": "Brazilian / Choro",
      "vanity": "Brazilian-Choro"
   },
   "1223": {
      "name": "Forr\u00f3",
      "genre_parent_id": 1122,
      "name_extended": "Brazilian / Forr\u00f3",
      "vanity": "Brazilian-Forr\u00f3"
   },
   "1224": {
      "name": "Frevo",
      "genre_parent_id": 1122,
      "name_extended": "Brazilian / Frevo",
      "vanity": "Brazilian-Frevo"
   },
   "1225": {
      "name": "MPB",
      "genre_parent_id": 1122,
      "name_extended": "Brazilian / MPB",
      "vanity": "Brazilian-MPB"
   },
   "1226": {
      "name": "Pagode",
      "genre_parent_id": 1122,
      "name_extended": "Brazilian / Pagode",
      "vanity": "Brazilian-Pagode"
   },
   "1227": {
      "name": "Samba",
      "genre_parent_id": 1122,
      "name_extended": "Brazilian / Samba",
      "vanity": "Brazilian-Samba"
   },
   "1228": {
      "name": "Sertanejo",
      "genre_parent_id": 1122,
      "name_extended": "Brazilian / Sertanejo",
      "vanity": "Brazilian-Sertanejo"
   },
   "1229": {
      "name": "Baile Funk",
      "genre_parent_id": 1122,
      "name_extended": "Brazilian / Baile Funk",
      "vanity": "Brazilian-Baile-Funk"
   },
   "1230": {
      "name": "Chinese Alt",
      "genre_parent_id": 20,
      "name_extended": "Alternative / Chinese Alt",
      "vanity": "Alternative-Chinese-Alt"
   },
   "1231": {
      "name": "Korean Indie",
      "genre_parent_id": 20,
      "name_extended": "Alternative / Korean Indie",
      "vanity": "Alternative-Korean-Indie"
   },
   "1232": {
      "name": "Chinese",
      "genre_parent_id": 34,
      "name_extended": "Chinese",
      "vanity": "Chinese"
   },
   "1233": {
      "name": "Chinese Classical",
      "genre_parent_id": 1232,
      "name_extended": "Chinese / Chinese Classical",
      "vanity": "Chinese-Chinese-Classical"
   },
   "1234": {
      "name": "Chinese Flute",
      "genre_parent_id": 1232,
      "name_extended": "Chinese / Chinese Flute",
      "vanity": "Chinese-Chinese-Flute"
   },
   "1235": {
      "name": "Chinese Opera",
      "genre_parent_id": 1232,
      "name_extended": "Chinese / Chinese Opera",
      "vanity": "Chinese-Chinese-Opera"
   },
   "1236": {
      "name": "Chinese Orchestral",
      "genre_parent_id": 1232,
      "name_extended": "Chinese / Chinese Orchestral",
      "vanity": "Chinese-Chinese-Orchestral"
   },
   "1237": {
      "name": "Chinese Regional Folk",
      "genre_parent_id": 1232,
      "name_extended": "Chinese / Chinese Regional Folk",
      "vanity": "Chinese-Chinese-Regional-Folk"
   },
   "1238": {
      "name": "Chinese Strings",
      "genre_parent_id": 1232,
      "name_extended": "Chinese / Chinese Strings",
      "vanity": "Chinese-Chinese-Strings"
   },
   "1239": {
      "name": "Taiwanese Folk",
      "genre_parent_id": 1232,
      "name_extended": "Chinese / Taiwanese Folk",
      "vanity": "Chinese-Taiwanese-Folk"
   },
   "1240": {
      "name": "Tibetan Native Music",
      "genre_parent_id": 1232,
      "name_extended": "Chinese / Tibetan Native Music",
      "vanity": "Chinese-Tibetan-Native-Music"
   },
   "1241": {
      "name": "Chinese Hip-Hop",
      "genre_parent_id": 18,
      "name_extended": "Hip Hop/Rap / Chinese Hip-Hop",
      "vanity": "Hip-Hop-Rap-Chinese-Hip-Hop"
   },
   "1242": {
      "name": "Korean Hip-Hop",
      "genre_parent_id": 18,
      "name_extended": "Hip Hop/Rap / Korean Hip-Hop",
      "vanity": "Hip-Hop-Rap-Korean-Hip-Hop"
   },
   "1243": {
      "name": "Korean",
      "genre_parent_id": 34,
      "name_extended": "Korean",
      "vanity": "Korean"
   },
   "1244": {
      "name": "Korean Classical",
      "genre_parent_id": 1243,
      "name_extended": "Korean / Korean Classical",
      "vanity": "Korean-Korean-Classical"
   },
   "1245": {
      "name": "Korean Trad Song",
      "genre_parent_id": 1243,
      "name_extended": "Korean / Korean Trad Song",
      "vanity": "Korean-Korean-Trad-Song"
   },
   "1246": {
      "name": "Korean Trad Instrumental",
      "genre_parent_id": 1243,
      "name_extended": "Korean / Korean Trad Instrumental",
      "vanity": "Korean-Korean-Trad-Instrumental"
   },
   "1247": {
      "name": "Korean Trad Theater",
      "genre_parent_id": 1243,
      "name_extended": "Korean / Korean Trad Theater",
      "vanity": "Korean-Korean-Trad-Theater"
   },
   "1248": {
      "name": "Chinese Rock",
      "genre_parent_id": 21,
      "name_extended": "Rock / Chinese Rock",
      "vanity": "Rock-Chinese-Rock"
   },
   "1249": {
      "name": "Korean Rock",
      "genre_parent_id": 21,
      "name_extended": "Rock / Korean Rock",
      "vanity": "Rock-Korean-Rock"
   },
   "1250": {
      "name": "C-Pop",
      "genre_parent_id": 14,
      "name_extended": "Pop / C-Pop",
      "vanity": "Pop-C-Pop"
   },
   "1251": {
      "name": "Cantopop/HK-Pop",
      "genre_parent_id": 14,
      "name_extended": "Pop / Cantopop/HK-Pop",
      "vanity": "Pop-Cantopop-HK-Pop"
   },
   "1252": {
      "name": "Korean Folk-Pop",
      "genre_parent_id": 14,
      "name_extended": "Pop / Korean Folk-Pop",
      "vanity": "Pop-Korean-Folk-Pop"
   },
   "1253": {
      "name": "Mandopop",
      "genre_parent_id": 14,
      "name_extended": "Pop / Mandopop",
      "vanity": "Pop-Mandopop"
   },
   "1254": {
      "name": "Tai-Pop",
      "genre_parent_id": 14,
      "name_extended": "Pop / Tai-Pop",
      "vanity": "Pop-Tai-Pop"
   },
   "1255": {
      "name": "Malaysian Pop",
      "genre_parent_id": 14,
      "name_extended": "Pop / Malaysian Pop",
      "vanity": "Pop-Malaysian-Pop"
   },
   "1256": {
      "name": "Pinoy Pop",
      "genre_parent_id": 14,
      "name_extended": "Pop / Pinoy Pop",
      "vanity": "Pop-Pinoy-Pop"
   },
   "1257": {
      "name": "Original Pilipino Music",
      "genre_parent_id": 14,
      "name_extended": "Pop / Original Pilipino Music",
      "vanity": "Pop-Original-Pilipino-Music"
   },
   "1258": {
      "name": "Manilla Sound",
      "genre_parent_id": 14,
      "name_extended": "Pop / Manilla Sound",
      "vanity": "Pop-Manilla-Sound"
   },
   "1259": {
      "name": "Indo Pop",
      "genre_parent_id": 14,
      "name_extended": "Pop / Indo Pop",
      "vanity": "Pop-Indo-Pop"
   },
   "1260": {
      "name": "Thai Pop",
      "genre_parent_id": 14,
      "name_extended": "Pop / Thai Pop",
      "vanity": "Pop-Thai-Pop"
   },
   "1261": {
      "name": "Trot",
      "genre_parent_id": 23,
      "name_extended": "Vocal / Trot",
      "vanity": "Vocal-Trot"
   },
   "1262": {
      "name": "Indian",
      "genre_parent_id": 34,
      "name_extended": "Indian",
      "vanity": "Indian"
   },
   "1263": {
      "name": "Bollywood",
      "genre_parent_id": 1262,
      "name_extended": "Indian / Bollywood",
      "vanity": "Indian-Bollywood"
   },
   "1264": {
      "name": "Tamil",
      "genre_parent_id": 1262,
      "name_extended": "Indian / Tamil",
      "vanity": "Indian-Tamil"
   },
   "1265": {
      "name": "Telugu",
      "genre_parent_id": 1262,
      "name_extended": "Indian / Telugu",
      "vanity": "Indian-Telugu"
   },
   "1266": {
      "name": "Regional Indian",
      "genre_parent_id": 1262,
      "name_extended": "Indian / Regional Indian",
      "vanity": "Indian-Regional-Indian"
   },
   "1267": {
      "name": "Devotional & Spiritual",
      "genre_parent_id": 1262,
      "name_extended": "Indian / Devotional & Spiritual",
      "vanity": "Indian-Devotional-Spiritual"
   },
   "1268": {
      "name": "Sufi",
      "genre_parent_id": 1262,
      "name_extended": "Indian / Sufi",
      "vanity": "Indian-Sufi"
   },
   "1269": {
      "name": "Indian Classical",
      "genre_parent_id": 1262,
      "name_extended": "Indian / Indian Classical",
      "vanity": "Indian-Indian-Classical"
   },
   "1270": {
      "name": "Russian Chanson",
      "genre_parent_id": 19,
      "name_extended": "World / Russian Chanson",
      "vanity": "World-Russian-Chanson"
   },
   "1271": {
      "name": "Dini",
      "genre_parent_id": 19,
      "name_extended": "World / Dini",
      "vanity": "World-Dini"
   },
   "1272": {
      "name": "Halk",
      "genre_parent_id": 19,
      "name_extended": "World / Halk",
      "vanity": "World-Halk"
   },
   "1273": {
      "name": "Sanat",
      "genre_parent_id": 19,
      "name_extended": "World / Sanat",
      "vanity": "World-Sanat"
   },
   "1274": {
      "name": "Dangdut",
      "genre_parent_id": 19,
      "name_extended": "World / Dangdut",
      "vanity": "World-Dangdut"
   },
   "1275": {
      "name": "Indonesian Religious",
      "genre_parent_id": 19,
      "name_extended": "World / Indonesian Religious",
      "vanity": "World-Indonesian-Religious"
   },
   "1276": {
      "name": "Calypso",
      "genre_parent_id": 19,
      "name_extended": "World / Calypso",
      "vanity": "World-Calypso"
   },
   "1277": {
      "name": "Soca",
      "genre_parent_id": 19,
      "name_extended": "World / Soca",
      "vanity": "World-Soca"
   },
   "1278": {
      "name": "Ghazals",
      "genre_parent_id": 1262,
      "name_extended": "Indian / Ghazals",
      "vanity": "Indian-Ghazals"
   },
   "1279": {
      "name": "Indian Folk",
      "genre_parent_id": 1262,
      "name_extended": "Indian / Indian Folk",
      "vanity": "Indian-Indian-Folk"
   },
   "1280": {
      "name": "Arabesque",
      "genre_parent_id": 19,
      "name_extended": "World / Arabesque",
      "vanity": "World-Arabesque"
   },
   "1281": {
      "name": "Afrikaans",
      "genre_parent_id": 19,
      "name_extended": "World / Afrikaans",
      "vanity": "World-Afrikaans"
   },
   "1282": {
      "name": "Farsi",
      "genre_parent_id": 19,
      "name_extended": "World / Farsi",
      "vanity": "World-Farsi"
   },
   "1283": {
      "name": "Israeli",
      "genre_parent_id": 19,
      "name_extended": "World / Israeli",
      "vanity": "World-Israeli"
   },
   "1284": {
      "name": "Khaleeji",
      "genre_parent_id": 1197,
      "name_extended": "Arabic / Khaleeji",
      "vanity": "Arabic-Khaleeji"
   },
   "1285": {
      "name": "North African",
      "genre_parent_id": 1197,
      "name_extended": "Arabic / North African",
      "vanity": "Arabic-North-African"
   },
   "1286": {
      "name": "Arabic Pop",
      "genre_parent_id": 1197,
      "name_extended": "Arabic / Arabic Pop",
      "vanity": "Arabic-Arabic-Pop"
   },
   "1287": {
      "name": "Islamic",
      "genre_parent_id": 1197,
      "name_extended": "Arabic / Islamic",
      "vanity": "Arabic-Islamic"
   },
   "1288": {
      "name": "Sound Effects",
      "genre_parent_id": 16,
      "name_extended": "Soundtrack / Sound Effects",
      "vanity": "Soundtrack-Sound-Effects"
   },
   "1289": {
      "name": "Folk",
      "genre_parent_id": 34,
      "name_extended": "Folk",
      "vanity": "Folk"
   },
   "1290": {
      "name": "Orchestral",
      "genre_parent_id": 34,
      "name_extended": "Orchestral",
      "vanity": "Orchestral"
   },
   "1291": {
      "name": "Marching Bands",
      "genre_parent_id": 34,
      "name_extended": "Marching Bands",
      "vanity": "Marching-Bands"
   },
   "1292": {
      "name": "Bebop",
      "genre_parent_id": 11,
      "name_extended": "Jazz / Bebop",
      "vanity": null
   },
   "1293": {
      "name": "Oldies",
      "genre_parent_id": 14,
      "name_extended": "Pop / Oldies",
      "vanity": "Pop-Oldies"
   },
   "1294": {
      "name": "Thai Country",
      "genre_parent_id": 6,
      "name_extended": "Country / Thai Country",
      "vanity": "Country-Thai-Country"
   },
   "1295": {
      "name": "Flamenco",
      "genre_parent_id": 19,
      "name_extended": "World / Flamenco",
      "vanity": "World-Flamenco"
   },
   "1296": {
      "name": "Tango",
      "genre_parent_id": 19,
      "name_extended": "World / Tango",
      "vanity": "World-Tango"
   },
   "1297": {
      "name": "Fado",
      "genre_parent_id": 19,
      "name_extended": "World / Fado",
      "vanity": "World-Fado"
   },
   "1298": {
      "name": "Iberia",
      "genre_parent_id": 19,
      "name_extended": "World / Iberia",
      "vanity": "World-Iberia"
   },
   "1299": {
      "name": "Russian",
      "genre_parent_id": 19,
      "name_extended": "World / Russian",
      "vanity": "World-Russian"
   },
   "1300": {
      "name": "Turkish",
      "genre_parent_id": 19,
      "name_extended": "World / Turkish",
      "vanity": "World-Turkish"
   },
   "1656": {
      "name": "Cantopop",
      "genre_parent_id": 1614,
      "name_extended": "Pop / Cantopop",
      "vanity": "Pop-Cantopop"
   },
   "1686": {
      "name": "K-Pop",
      "genre_parent_id": 1614,
      "name_extended": "Pop / K-Pop",
      "vanity": "Pop-K-Pop"
   },
   "1866": {
      "name": "Modern Dancehall",
      "genre_parent_id": 8053,
      "name_extended": "Reggae / Modern Dancehall",
      "vanity": "Reggae-Modern-Dancehall"
   },
   "1867": {
      "name": "Hip-Hop/Rap",
      "genre_parent_id": 34,
      "name_extended": "Hip-Hop/Rap",
      "vanity": "Hip-Hop-Rap-1"
   },
   "8217": {
      "name": "Korean Traditional",
      "genre_parent_id": 8216,
      "name_extended": "Korean / Korean Traditional",
      "vanity": "Korean-Korean-Traditional"
   },
   "100000": {
      "name": "Inspirational",
      "genre_parent_id": 34,
      "name_extended": "Inspirational",
      "vanity": "Inspirational"
   },
   "100001": {
      "name": "Art Song",
      "genre_parent_id": 5,
      "name_extended": "Classical / Art Song",
      "vanity": "Classical-Art-Song"
   },
   "100002": {
      "name": "Brass & Woodwinds",
      "genre_parent_id": 5,
      "name_extended": "Classical / Brass & Woodwinds",
      "vanity": "Classical-Brass-Woodwinds"
   },
   "100003": {
      "name": "Solo Instrumental",
      "genre_parent_id": 5,
      "name_extended": "Classical / Solo Instrumental",
      "vanity": "Classical-Solo-Instrumental"
   },
   "100004": {
      "name": "Contemporary Era",
      "genre_parent_id": 5,
      "name_extended": "Classical / Contemporary Era",
      "vanity": "Classical-Contemporary-Era"
   },
   "100005": {
      "name": "Oratorio",
      "genre_parent_id": 5,
      "name_extended": "Classical / Oratorio",
      "vanity": "Classical-Oratorio"
   },
   "100006": {
      "name": "Cantata",
      "genre_parent_id": 5,
      "name_extended": "Classical / Cantata",
      "vanity": "Classical-Cantata"
   },
   "100007": {
      "name": "Electronic",
      "genre_parent_id": 5,
      "name_extended": "Classical / Electronic",
      "vanity": "Classic-Electronic"
   },
   "100008": {
      "name": "Sacred",
      "genre_parent_id": 5,
      "name_extended": "Classical / Sacred",
      "vanity": "Classical-Sacred"
   },
   "100009": {
      "name": "Guitar",
      "genre_parent_id": 5,
      "name_extended": "Classical / Guitar",
      "vanity": "Classical-Guitar"
   },
   "100010": {
      "name": "Piano",
      "genre_parent_id": 5,
      "name_extended": "Classical / Piano",
      "vanity": "Classical-Piano"
   },
   "100011": {
      "name": "Violin",
      "genre_parent_id": 5,
      "name_extended": "Classical / Violin",
      "vanity": "Classical-Violin"
   },
   "100012": {
      "name": "Cello",
      "genre_parent_id": 5,
      "name_extended": "Classical / Cello",
      "vanity": "Classical-Cello"
   },
   "100013": {
      "name": "Percussion",
      "genre_parent_id": 5,
      "name_extended": "Classical / Percussion",
      "vanity": "Classical-Percussion"
   },
   "100014": {
      "name": "Dubstep",
      "genre_parent_id": 7,
      "name_extended": "Electronic / Dubstep",
      "vanity": "Electronic-Dubstep"
   },
   "100015": {
      "name": "Bass",
      "genre_parent_id": 7,
      "name_extended": "Electronic / Bass",
      "vanity": "Electronic-Bass"
   },
   "100016": {
      "name": "UK Hip Hop",
      "genre_parent_id": 18,
      "name_extended": "Hip Hop/Rap / UK Hip Hop",
      "vanity": "Hip-Hop-Rap-UK-Hip-Hop"
   },
   "100017": {
      "name": "Lovers Rock",
      "genre_parent_id": 24,
      "name_extended": "Reggae / Lovers Rock",
      "vanity": "reggae-lovers-rock"
   },
   "100018": {
      "name": "EMO",
      "genre_parent_id": 20,
      "name_extended": "Alternative / EMO",
      "vanity": "Alternative-EMO"
   },
   "100019": {
      "name": "Pop Punk",
      "genre_parent_id": 20,
      "name_extended": "Alternative / Pop Punk",
      "vanity": "Alternative-Pop-Punk"
   },
   "100020": {
      "name": "Indie Pop",
      "genre_parent_id": 20,
      "name_extended": "Alternative / Indie Pop",
      "vanity": "Alternative-Indie-Pop"
   },
   "100021": {
      "name": "Yoga",
      "genre_parent_id": 13,
      "name_extended": "New Age / Yoga",
      "vanity": "New-Age-Yoga"
   },
   "100022": {
      "name": "Tribute",
      "genre_parent_id": 14,
      "name_extended": "Pop / Tribute",
      "vanity": "Pop-Tribute"
   },
   "100023": {
      "name": "Shows",
      "genre_parent_id": 14,
      "name_extended": "Pop / Shows",
      "vanity": "Pop-Shows"
   },
   "100024": {
      "name": "Cuban",
      "genre_parent_id": 34,
      "name_extended": "Cuban",
      "vanity": "Cuban"
   },
   "100025": {
      "name": "Cuban / Mambo",
      "genre_parent_id": 100024,
      "name_extended": "Cuban / Mambo",
      "vanity": "Cuban-Mambo"
   },
   "100028": {
      "name": "Cuban / Son",
      "genre_parent_id": 100024,
      "name_extended": "Cuban / Son",
      "vanity": "Cuban-Son"
   },
   "100029": {
      "name": "Cuban / Bolero",
      "genre_parent_id": 100024,
      "name_extended": "Cuban / Bolero",
      "vanity": "Cuban-Bolero"
   },
   "100032": {
      "name": "Video Games",
      "genre_parent_id": 16,
      "name_extended": "Soundtrack / Video Game",
      "vanity": "Soundtrack-Video-Game"
   },
   "100033": {
      "name": "Punjabi Pop",
      "genre_parent_id": 1262,
      "name_extended": "Indian / Punjabi Pop",
      "vanity": "Indian-Punjabi-Pop"
   },
   "100034": {
      "name": "Rabindra Sangeet",
      "genre_parent_id": 1262,
      "name_extended": "Indian / Rabindra Sangeet",
      "vanity": "Indian-Rabindra-Sangeet"
   },
   "50000061": {
      "name": "Spoken Word",
      "genre_parent_id": 34,
      "name_extended": "Spoken Word",
      "vanity": "Spoken-Word"
   },
   "50000063": {
      "name": "Disney",
      "genre_parent_id": 34,
      "name_extended": "Disney",
      "vanity": "Disney"
   },
   "50000064": {
      "name": "French Pop",
      "genre_parent_id": 34,
      "name_extended": "French Pop",
      "vanity": "French-Pop"
   },
   "50000066": {
      "name": "German Pop",
      "genre_parent_id": 34,
      "name_extended": "German Pop",
      "vanity": "German-Pop"
   },
   "50000068": {
      "name": "German Folk",
      "genre_parent_id": 34,
      "name_extended": "German Folk",
      "vanity": "German-Folk"
   }
}